"file","name","site","date","time","datetime","hour","period","habitat","acceptable","clipping"
"D:/ARU RECORDINGS/2022/BC/BC-15/01/Data/BC-15-01_20220608_032400.wav","D:/ARU RECORDINGS/2022/BC/BC-15/01/Data/BC-15-01_20220608_032400","D:/ARU RECORDINGS/2022/BC/BC-15/01/Data/BC-15-01",2022-06-08,03:24:00,2022-06-08 03:24:00,3,"dawn","grassland",NA,NA
"D:/ARU RECORDINGS/2022/BC/BC-15/01/Data/BC-15-01_20220603_065000.wav","D:/ARU RECORDINGS/2022/BC/BC-15/01/Data/BC-15-01_20220603_065000","D:/ARU RECORDINGS/2022/BC/BC-15/01/Data/BC-15-01",2022-06-03,06:50:00,2022-06-03 06:50:00,6,"dawn","grassland",NA,NA
"D:/ARU RECORDINGS/2022/BC/BC-15/01/Data/BC-15-01_20220610_044600.wav","D:/ARU RECORDINGS/2022/BC/BC-15/01/Data/BC-15-01_20220610_044600","D:/ARU RECORDINGS/2022/BC/BC-15/01/Data/BC-15-01",2022-06-10,04:46:00,2022-06-10 04:46:00,4,"dawn","grassland",NA,NA
"D:/ARU RECORDINGS/2022/BC/BC-15/01/Data/BC-15-01_20220604_215100.wav","D:/ARU RECORDINGS/2022/BC/BC-15/01/Data/BC-15-01_20220604_215100","D:/ARU RECORDINGS/2022/BC/BC-15/01/Data/BC-15-01",2022-06-04,21:51:00,2022-06-04 21:51:00,21,"dusk","grassland",NA,NA
"D:/ARU RECORDINGS/2022/BC/BC-15/01/Data/BC-15-01_20220619_213100.wav","D:/ARU RECORDINGS/2022/BC/BC-15/01/Data/BC-15-01_20220619_213100","D:/ARU RECORDINGS/2022/BC/BC-15/01/Data/BC-15-01",2022-06-19,21:31:00,2022-06-19 21:31:00,21,"dusk","grassland",NA,NA
"D:/ARU RECORDINGS/2022/BC/BC-15/01/Data/BC-15-01_20220615_205900.wav","D:/ARU RECORDINGS/2022/BC/BC-15/01/Data/BC-15-01_20220615_205900","D:/ARU RECORDINGS/2022/BC/BC-15/01/Data/BC-15-01",2022-06-15,20:59:00,2022-06-15 20:59:00,20,"dusk","grassland",NA,NA
"D:/ARU RECORDINGS/2022/BC/BC-15/02/Data/BC-15-02_20220609_054700.wav","D:/ARU RECORDINGS/2022/BC/BC-15/02/Data/BC-15-02_20220609_054700","D:/ARU RECORDINGS/2022/BC/BC-15/02/Data/BC-15-02",2022-06-09,05:47:00,2022-06-09 05:47:00,5,"dawn","grassland",NA,NA
"D:/ARU RECORDINGS/2022/BC/BC-15/02/Data/BC-15-02_20220622_054600.wav","D:/ARU RECORDINGS/2022/BC/BC-15/02/Data/BC-15-02_20220622_054600","D:/ARU RECORDINGS/2022/BC/BC-15/02/Data/BC-15-02",2022-06-22,05:46:00,2022-06-22 05:46:00,5,"dawn","grassland",NA,NA
"D:/ARU RECORDINGS/2022/BC/BC-15/02/Data/BC-15-02_20220608_041700.wav","D:/ARU RECORDINGS/2022/BC/BC-15/02/Data/BC-15-02_20220608_041700","D:/ARU RECORDINGS/2022/BC/BC-15/02/Data/BC-15-02",2022-06-08,04:17:00,2022-06-08 04:17:00,4,"dawn","grassland",NA,NA
"D:/ARU RECORDINGS/2022/BC/BC-15/02/Data/BC-15-02_20220612_212800.wav","D:/ARU RECORDINGS/2022/BC/BC-15/02/Data/BC-15-02_20220612_212800","D:/ARU RECORDINGS/2022/BC/BC-15/02/Data/BC-15-02",2022-06-12,21:28:00,2022-06-12 21:28:00,21,"dusk","grassland",NA,NA
"D:/ARU RECORDINGS/2022/BC/BC-15/02/Data/BC-15-02_20220609_205500.wav","D:/ARU RECORDINGS/2022/BC/BC-15/02/Data/BC-15-02_20220609_205500","D:/ARU RECORDINGS/2022/BC/BC-15/02/Data/BC-15-02",2022-06-09,20:55:00,2022-06-09 20:55:00,20,"dusk","grassland",NA,NA
"D:/ARU RECORDINGS/2022/BC/BC-15/02/Data/BC-15-02_20220622_213200.wav","D:/ARU RECORDINGS/2022/BC/BC-15/02/Data/BC-15-02_20220622_213200","D:/ARU RECORDINGS/2022/BC/BC-15/02/Data/BC-15-02",2022-06-22,21:32:00,2022-06-22 21:32:00,21,"dusk","grassland",NA,NA
"D:/ARU RECORDINGS/2022/BC/BC-15/03/Data/BC-15-03_20220618_061500.wav","D:/ARU RECORDINGS/2022/BC/BC-15/03/Data/BC-15-03_20220618_061500","D:/ARU RECORDINGS/2022/BC/BC-15/03/Data/BC-15-03",2022-06-18,06:15:00,2022-06-18 06:15:00,6,"dawn","grassland",NA,NA
"D:/ARU RECORDINGS/2022/BC/BC-15/03/Data/BC-15-03_20220603_052000.wav","D:/ARU RECORDINGS/2022/BC/BC-15/03/Data/BC-15-03_20220603_052000","D:/ARU RECORDINGS/2022/BC/BC-15/03/Data/BC-15-03",2022-06-03,05:20:00,2022-06-03 05:20:00,5,"dawn","grassland",NA,NA
"D:/ARU RECORDINGS/2022/BC/BC-15/03/Data/BC-15-03_20220603_045000.wav","D:/ARU RECORDINGS/2022/BC/BC-15/03/Data/BC-15-03_20220603_045000","D:/ARU RECORDINGS/2022/BC/BC-15/03/Data/BC-15-03",2022-06-03,04:50:00,2022-06-03 04:50:00,4,"dawn","grassland",NA,NA
"D:/ARU RECORDINGS/2022/BC/BC-15/03/Data/BC-15-03_20220615_215900.wav","D:/ARU RECORDINGS/2022/BC/BC-15/03/Data/BC-15-03_20220615_215900","D:/ARU RECORDINGS/2022/BC/BC-15/03/Data/BC-15-03",2022-06-15,21:59:00,2022-06-15 21:59:00,21,"dusk","grassland",NA,NA
"D:/ARU RECORDINGS/2022/BC/BC-15/03/Data/BC-15-03_20220613_205800.wav","D:/ARU RECORDINGS/2022/BC/BC-15/03/Data/BC-15-03_20220613_205800","D:/ARU RECORDINGS/2022/BC/BC-15/03/Data/BC-15-03",2022-06-13,20:58:00,2022-06-13 20:58:00,20,"dusk","grassland",NA,NA
"D:/ARU RECORDINGS/2022/BC/BC-15/03/Data/BC-15-03_20220606_215300.wav","D:/ARU RECORDINGS/2022/BC/BC-15/03/Data/BC-15-03_20220606_215300","D:/ARU RECORDINGS/2022/BC/BC-15/03/Data/BC-15-03",2022-06-06,21:53:00,2022-06-06 21:53:00,21,"dusk","grassland",NA,NA
"D:/ARU RECORDINGS/2022/BC/BC-15/04/Data/BC-15-04_20220610_044600.wav","D:/ARU RECORDINGS/2022/BC/BC-15/04/Data/BC-15-04_20220610_044600","D:/ARU RECORDINGS/2022/BC/BC-15/04/Data/BC-15-04",2022-06-10,04:46:00,2022-06-10 04:46:00,4,"dawn","grassland",NA,NA
"D:/ARU RECORDINGS/2022/BC/BC-15/04/Data/BC-15-04_20220617_061500.wav","D:/ARU RECORDINGS/2022/BC/BC-15/04/Data/BC-15-04_20220617_061500","D:/ARU RECORDINGS/2022/BC/BC-15/04/Data/BC-15-04",2022-06-17,06:15:00,2022-06-17 06:15:00,6,"dawn","grassland",NA,NA
"D:/ARU RECORDINGS/2022/BC/BC-15/04/Data/BC-15-04_20220616_032900.wav","D:/ARU RECORDINGS/2022/BC/BC-15/04/Data/BC-15-04_20220616_032900","D:/ARU RECORDINGS/2022/BC/BC-15/04/Data/BC-15-04",2022-06-16,03:29:00,2022-06-16 03:29:00,3,"dawn","grassland",NA,NA
"D:/ARU RECORDINGS/2022/BC/BC-15/04/Data/BC-15-04_20220607_212400.wav","D:/ARU RECORDINGS/2022/BC/BC-15/04/Data/BC-15-04_20220607_212400","D:/ARU RECORDINGS/2022/BC/BC-15/04/Data/BC-15-04",2022-06-07,21:24:00,2022-06-07 21:24:00,21,"dusk","grassland",NA,NA
"D:/ARU RECORDINGS/2022/BC/BC-15/04/Data/BC-15-04_20220620_210100.wav","D:/ARU RECORDINGS/2022/BC/BC-15/04/Data/BC-15-04_20220620_210100","D:/ARU RECORDINGS/2022/BC/BC-15/04/Data/BC-15-04",2022-06-20,21:01:00,2022-06-20 21:01:00,21,"dusk","grassland",NA,NA
"D:/ARU RECORDINGS/2022/BC/BC-15/04/Data/BC-15-04_20220611_215700.wav","D:/ARU RECORDINGS/2022/BC/BC-15/04/Data/BC-15-04_20220611_215700","D:/ARU RECORDINGS/2022/BC/BC-15/04/Data/BC-15-04",2022-06-11,21:57:00,2022-06-11 21:57:00,21,"dusk","grassland",NA,NA
"D:/ARU RECORDINGS/2022/BC/BC-15/05/Data/BC-15-05_20220617_061500.wav","D:/ARU RECORDINGS/2022/BC/BC-15/05/Data/BC-15-05_20220617_061500","D:/ARU RECORDINGS/2022/BC/BC-15/05/Data/BC-15-05",2022-06-17,06:15:00,2022-06-17 06:15:00,6,"dawn","grassland",NA,NA
"D:/ARU RECORDINGS/2022/BC/BC-15/05/Data/BC-15-05_20220610_071600.wav","D:/ARU RECORDINGS/2022/BC/BC-15/05/Data/BC-15-05_20220610_071600","D:/ARU RECORDINGS/2022/BC/BC-15/05/Data/BC-15-05",2022-06-10,07:16:00,2022-06-10 07:16:00,7,"dawn","grassland",NA,NA
"D:/ARU RECORDINGS/2022/BC/BC-15/05/Data/BC-15-05_20220607_071800.wav","D:/ARU RECORDINGS/2022/BC/BC-15/05/Data/BC-15-05_20220607_071800","D:/ARU RECORDINGS/2022/BC/BC-15/05/Data/BC-15-05",2022-06-07,07:18:00,2022-06-07 07:18:00,7,"dawn","grassland",NA,NA
"D:/ARU RECORDINGS/2022/BC/BC-15/05/Data/BC-15-05_20220602_211900.wav","D:/ARU RECORDINGS/2022/BC/BC-15/05/Data/BC-15-05_20220602_211900","D:/ARU RECORDINGS/2022/BC/BC-15/05/Data/BC-15-05",2022-06-02,21:19:00,2022-06-02 21:19:00,21,"dusk","grassland",NA,NA
"D:/ARU RECORDINGS/2022/BC/BC-15/05/Data/BC-15-05_20220606_215300.wav","D:/ARU RECORDINGS/2022/BC/BC-15/05/Data/BC-15-05_20220606_215300","D:/ARU RECORDINGS/2022/BC/BC-15/05/Data/BC-15-05",2022-06-06,21:53:00,2022-06-06 21:53:00,21,"dusk","grassland",NA,NA
"D:/ARU RECORDINGS/2022/BC/BC-15/05/Data/BC-15-05_20220618_210100.wav","D:/ARU RECORDINGS/2022/BC/BC-15/05/Data/BC-15-05_20220618_210100","D:/ARU RECORDINGS/2022/BC/BC-15/05/Data/BC-15-05",2022-06-18,21:01:00,2022-06-18 21:01:00,21,"dusk","grassland",NA,NA
"D:/ARU RECORDINGS/2022/BC/BC-15/06/Data/BC-15-06_20220613_061600.wav","D:/ARU RECORDINGS/2022/BC/BC-15/06/Data/BC-15-06_20220613_061600","D:/ARU RECORDINGS/2022/BC/BC-15/06/Data/BC-15-06",2022-06-13,06:16:00,2022-06-13 06:16:00,6,"dawn","grassland",NA,NA
"D:/ARU RECORDINGS/2022/BC/BC-15/06/Data/BC-15-06_20220615_064500.wav","D:/ARU RECORDINGS/2022/BC/BC-15/06/Data/BC-15-06_20220615_064500","D:/ARU RECORDINGS/2022/BC/BC-15/06/Data/BC-15-06",2022-06-15,06:45:00,2022-06-15 06:45:00,6,"dawn","grassland",NA,NA
"D:/ARU RECORDINGS/2022/BC/BC-15/06/Data/BC-15-06_20220604_071900.wav","D:/ARU RECORDINGS/2022/BC/BC-15/06/Data/BC-15-06_20220604_071900","D:/ARU RECORDINGS/2022/BC/BC-15/06/Data/BC-15-06",2022-06-04,07:19:00,2022-06-04 07:19:00,7,"dawn","grassland",NA,NA
"D:/ARU RECORDINGS/2022/BC/BC-15/06/Data/BC-15-06_20220607_215400.wav","D:/ARU RECORDINGS/2022/BC/BC-15/06/Data/BC-15-06_20220607_215400","D:/ARU RECORDINGS/2022/BC/BC-15/06/Data/BC-15-06",2022-06-07,21:54:00,2022-06-07 21:54:00,21,"dusk","grassland",NA,NA
"D:/ARU RECORDINGS/2022/BC/BC-15/06/Data/BC-15-06_20220619_213100.wav","D:/ARU RECORDINGS/2022/BC/BC-15/06/Data/BC-15-06_20220619_213100","D:/ARU RECORDINGS/2022/BC/BC-15/06/Data/BC-15-06",2022-06-19,21:31:00,2022-06-19 21:31:00,21,"dusk","grassland",NA,NA
"D:/ARU RECORDINGS/2022/BC/BC-15/06/Data/BC-15-06_20220618_210100.wav","D:/ARU RECORDINGS/2022/BC/BC-15/06/Data/BC-15-06_20220618_210100","D:/ARU RECORDINGS/2022/BC/BC-15/06/Data/BC-15-06",2022-06-18,21:01:00,2022-06-18 21:01:00,21,"dusk","grassland",NA,NA
"D:/ARU RECORDINGS/2022/BC/BC-15/07/Data/BC-15-07_20220618_044500.wav","D:/ARU RECORDINGS/2022/BC/BC-15/07/Data/BC-15-07_20220618_044500","D:/ARU RECORDINGS/2022/BC/BC-15/07/Data/BC-15-07",2022-06-18,04:45:00,2022-06-18 04:45:00,4,"dawn","grassland",NA,NA
"D:/ARU RECORDINGS/2022/BC/BC-15/07/Data/BC-15-07_20220604_054900.wav","D:/ARU RECORDINGS/2022/BC/BC-15/07/Data/BC-15-07_20220604_054900","D:/ARU RECORDINGS/2022/BC/BC-15/07/Data/BC-15-07",2022-06-04,05:49:00,2022-06-04 05:49:00,5,"dawn","grassland",NA,NA
"D:/ARU RECORDINGS/2022/BC/BC-15/07/Data/BC-15-07_20220611_051600.wav","D:/ARU RECORDINGS/2022/BC/BC-15/07/Data/BC-15-07_20220611_051600","D:/ARU RECORDINGS/2022/BC/BC-15/07/Data/BC-15-07",2022-06-11,05:16:00,2022-06-11 05:16:00,5,"dawn","grassland",NA,NA
"D:/ARU RECORDINGS/2022/BC/BC-15/07/Data/BC-15-07_20220610_205600.wav","D:/ARU RECORDINGS/2022/BC/BC-15/07/Data/BC-15-07_20220610_205600","D:/ARU RECORDINGS/2022/BC/BC-15/07/Data/BC-15-07",2022-06-10,20:56:00,2022-06-10 20:56:00,20,"dusk","grassland",NA,NA
"D:/ARU RECORDINGS/2022/BC/BC-15/07/Data/BC-15-07_20220603_205000.wav","D:/ARU RECORDINGS/2022/BC/BC-15/07/Data/BC-15-07_20220603_205000","D:/ARU RECORDINGS/2022/BC/BC-15/07/Data/BC-15-07",2022-06-03,20:50:00,2022-06-03 20:50:00,20,"dusk","grassland",NA,NA
"D:/ARU RECORDINGS/2022/BC/BC-15/07/Data/BC-15-07_20220615_215900.wav","D:/ARU RECORDINGS/2022/BC/BC-15/07/Data/BC-15-07_20220615_215900","D:/ARU RECORDINGS/2022/BC/BC-15/07/Data/BC-15-07",2022-06-15,21:59:00,2022-06-15 21:59:00,21,"dusk","grassland",NA,NA
"D:/ARU RECORDINGS/2022/BC/BC-15/08/Data/BC-15-08_20220617_064500.wav","D:/ARU RECORDINGS/2022/BC/BC-15/08/Data/BC-15-08_20220617_064500","D:/ARU RECORDINGS/2022/BC/BC-15/08/Data/BC-15-08",2022-06-17,06:45:00,2022-06-17 06:45:00,6,"dawn","grassland",NA,NA
"D:/ARU RECORDINGS/2022/BC/BC-15/08/Data/BC-15-08_20220603_055000.wav","D:/ARU RECORDINGS/2022/BC/BC-15/08/Data/BC-15-08_20220603_055000","D:/ARU RECORDINGS/2022/BC/BC-15/08/Data/BC-15-08",2022-06-03,05:50:00,2022-06-03 05:50:00,5,"dawn","grassland",NA,NA
"D:/ARU RECORDINGS/2022/BC/BC-15/08/Data/BC-15-08_20220603_045000.wav","D:/ARU RECORDINGS/2022/BC/BC-15/08/Data/BC-15-08_20220603_045000","D:/ARU RECORDINGS/2022/BC/BC-15/08/Data/BC-15-08",2022-06-03,04:50:00,2022-06-03 04:50:00,4,"dawn","grassland",NA,NA
"D:/ARU RECORDINGS/2022/BC/BC-15/08/Data/BC-15-08_20220609_205500.wav","D:/ARU RECORDINGS/2022/BC/BC-15/08/Data/BC-15-08_20220609_205500","D:/ARU RECORDINGS/2022/BC/BC-15/08/Data/BC-15-08",2022-06-09,20:55:00,2022-06-09 20:55:00,20,"dusk","grassland",NA,NA
"D:/ARU RECORDINGS/2022/BC/BC-15/08/Data/BC-15-08_20220615_215900.wav","D:/ARU RECORDINGS/2022/BC/BC-15/08/Data/BC-15-08_20220615_215900","D:/ARU RECORDINGS/2022/BC/BC-15/08/Data/BC-15-08",2022-06-15,21:59:00,2022-06-15 21:59:00,21,"dusk","grassland",NA,NA
"D:/ARU RECORDINGS/2022/BC/BC-15/08/Data/BC-15-08_20220611_205700.wav","D:/ARU RECORDINGS/2022/BC/BC-15/08/Data/BC-15-08_20220611_205700","D:/ARU RECORDINGS/2022/BC/BC-15/08/Data/BC-15-08",2022-06-11,20:57:00,2022-06-11 20:57:00,20,"dusk","grassland",NA,NA
"D:/ARU RECORDINGS/2022/BC/BC-15/09/Data/BC-15-09_20220616_064500.wav","D:/ARU RECORDINGS/2022/BC/BC-15/09/Data/BC-15-09_20220616_064500","D:/ARU RECORDINGS/2022/BC/BC-15/09/Data/BC-15-09",2022-06-16,06:45:00,2022-06-16 06:45:00,6,"dawn","grassland",NA,NA
"D:/ARU RECORDINGS/2022/BC/BC-15/09/Data/BC-15-09_20220604_061900.wav","D:/ARU RECORDINGS/2022/BC/BC-15/09/Data/BC-15-09_20220604_061900","D:/ARU RECORDINGS/2022/BC/BC-15/09/Data/BC-15-09",2022-06-04,06:19:00,2022-06-04 06:19:00,6,"dawn","grassland",NA,NA
"D:/ARU RECORDINGS/2022/BC/BC-15/09/Data/BC-15-09_20220610_061600.wav","D:/ARU RECORDINGS/2022/BC/BC-15/09/Data/BC-15-09_20220610_061600","D:/ARU RECORDINGS/2022/BC/BC-15/09/Data/BC-15-09",2022-06-10,06:16:00,2022-06-10 06:16:00,6,"dawn","grassland",NA,NA
"D:/ARU RECORDINGS/2022/BC/BC-15/09/Data/BC-15-09_20220611_205700.wav","D:/ARU RECORDINGS/2022/BC/BC-15/09/Data/BC-15-09_20220611_205700","D:/ARU RECORDINGS/2022/BC/BC-15/09/Data/BC-15-09",2022-06-11,20:57:00,2022-06-11 20:57:00,20,"dusk","grassland",NA,NA
"D:/ARU RECORDINGS/2022/BC/BC-15/09/Data/BC-15-09_20220615_212900.wav","D:/ARU RECORDINGS/2022/BC/BC-15/09/Data/BC-15-09_20220615_212900","D:/ARU RECORDINGS/2022/BC/BC-15/09/Data/BC-15-09",2022-06-15,21:29:00,2022-06-15 21:29:00,21,"dusk","grassland",NA,NA
"D:/ARU RECORDINGS/2022/BC/BC-15/09/Data/BC-15-09_20220610_215600.wav","D:/ARU RECORDINGS/2022/BC/BC-15/09/Data/BC-15-09_20220610_215600","D:/ARU RECORDINGS/2022/BC/BC-15/09/Data/BC-15-09",2022-06-10,21:56:00,2022-06-10 21:56:00,21,"dusk","grassland",NA,NA
"D:/ARU RECORDINGS/2022/BC/BC-15/10/Data/BC-15-10_20220619_051500.wav","D:/ARU RECORDINGS/2022/BC/BC-15/10/Data/BC-15-10_20220619_051500","D:/ARU RECORDINGS/2022/BC/BC-15/10/Data/BC-15-10",2022-06-19,05:15:00,2022-06-19 05:15:00,5,"dawn","grassland",NA,NA
"D:/ARU RECORDINGS/2022/BC/BC-15/10/Data/BC-15-10_20220620_054500.wav","D:/ARU RECORDINGS/2022/BC/BC-15/10/Data/BC-15-10_20220620_054500","D:/ARU RECORDINGS/2022/BC/BC-15/10/Data/BC-15-10",2022-06-20,05:45:00,2022-06-20 05:45:00,5,"dawn","grassland",NA,NA
"D:/ARU RECORDINGS/2022/BC/BC-15/10/Data/BC-15-10_20220611_051600.wav","D:/ARU RECORDINGS/2022/BC/BC-15/10/Data/BC-15-10_20220611_051600","D:/ARU RECORDINGS/2022/BC/BC-15/10/Data/BC-15-10",2022-06-11,05:16:00,2022-06-11 05:16:00,5,"dawn","grassland",NA,NA
"D:/ARU RECORDINGS/2022/BC/BC-15/10/Data/BC-15-10_20220621_213100.wav","D:/ARU RECORDINGS/2022/BC/BC-15/10/Data/BC-15-10_20220621_213100","D:/ARU RECORDINGS/2022/BC/BC-15/10/Data/BC-15-10",2022-06-21,21:31:00,2022-06-21 21:31:00,21,"dusk","grassland",NA,NA
"D:/ARU RECORDINGS/2022/BC/BC-15/10/Data/BC-15-10_20220605_215200.wav","D:/ARU RECORDINGS/2022/BC/BC-15/10/Data/BC-15-10_20220605_215200","D:/ARU RECORDINGS/2022/BC/BC-15/10/Data/BC-15-10",2022-06-05,21:52:00,2022-06-05 21:52:00,21,"dusk","grassland",NA,NA
"D:/ARU RECORDINGS/2022/BC/BC-15/10/Data/BC-15-10_20220614_215900.wav","D:/ARU RECORDINGS/2022/BC/BC-15/10/Data/BC-15-10_20220614_215900","D:/ARU RECORDINGS/2022/BC/BC-15/10/Data/BC-15-10",2022-06-14,21:59:00,2022-06-14 21:59:00,21,"dusk","grassland",NA,NA
"D:/ARU RECORDINGS/2022/BC/BC-15/11/Data/BC-15-11_20220618_071500.wav","D:/ARU RECORDINGS/2022/BC/BC-15/11/Data/BC-15-11_20220618_071500","D:/ARU RECORDINGS/2022/BC/BC-15/11/Data/BC-15-11",2022-06-18,07:15:00,2022-06-18 07:15:00,7,"dawn","grassland",NA,NA
"D:/ARU RECORDINGS/2022/BC/BC-15/11/Data/BC-15-11_20220612_051600.wav","D:/ARU RECORDINGS/2022/BC/BC-15/11/Data/BC-15-11_20220612_051600","D:/ARU RECORDINGS/2022/BC/BC-15/11/Data/BC-15-11",2022-06-12,05:16:00,2022-06-12 05:16:00,5,"dawn","grassland",NA,NA
"D:/ARU RECORDINGS/2022/BC/BC-15/11/Data/BC-15-11_20220617_054500.wav","D:/ARU RECORDINGS/2022/BC/BC-15/11/Data/BC-15-11_20220617_054500","D:/ARU RECORDINGS/2022/BC/BC-15/11/Data/BC-15-11",2022-06-17,05:45:00,2022-06-17 05:45:00,5,"dawn","grassland",NA,NA
"D:/ARU RECORDINGS/2022/BC/BC-15/11/Data/BC-15-11_20220613_205800.wav","D:/ARU RECORDINGS/2022/BC/BC-15/11/Data/BC-15-11_20220613_205800","D:/ARU RECORDINGS/2022/BC/BC-15/11/Data/BC-15-11",2022-06-13,20:58:00,2022-06-13 20:58:00,20,"dusk","grassland",NA,NA
"D:/ARU RECORDINGS/2022/BC/BC-15/11/Data/BC-15-11_20220608_212500.wav","D:/ARU RECORDINGS/2022/BC/BC-15/11/Data/BC-15-11_20220608_212500","D:/ARU RECORDINGS/2022/BC/BC-15/11/Data/BC-15-11",2022-06-08,21:25:00,2022-06-08 21:25:00,21,"dusk","grassland",NA,NA
"D:/ARU RECORDINGS/2022/BC/BC-15/11/Data/BC-15-11_20220611_215700.wav","D:/ARU RECORDINGS/2022/BC/BC-15/11/Data/BC-15-11_20220611_215700","D:/ARU RECORDINGS/2022/BC/BC-15/11/Data/BC-15-11",2022-06-11,21:57:00,2022-06-11 21:57:00,21,"dusk","grassland",NA,NA
"D:/ARU RECORDINGS/2022/BC/BC-15/12/Data/BC-15-12_20220604_041900.wav","D:/ARU RECORDINGS/2022/BC/BC-15/12/Data/BC-15-12_20220604_041900","D:/ARU RECORDINGS/2022/BC/BC-15/12/Data/BC-15-12",2022-06-04,04:19:00,2022-06-04 04:19:00,4,"dawn","grassland",NA,NA
"D:/ARU RECORDINGS/2022/BC/BC-15/12/Data/BC-15-12_20220618_064500.wav","D:/ARU RECORDINGS/2022/BC/BC-15/12/Data/BC-15-12_20220618_064500","D:/ARU RECORDINGS/2022/BC/BC-15/12/Data/BC-15-12",2022-06-18,06:45:00,2022-06-18 06:45:00,6,"dawn","grassland",NA,NA
"D:/ARU RECORDINGS/2022/BC/BC-15/12/Data/BC-15-12_20220608_054700.wav","D:/ARU RECORDINGS/2022/BC/BC-15/12/Data/BC-15-12_20220608_054700","D:/ARU RECORDINGS/2022/BC/BC-15/12/Data/BC-15-12",2022-06-08,05:47:00,2022-06-08 05:47:00,5,"dawn","grassland",NA,NA
"D:/ARU RECORDINGS/2022/BC/BC-15/12/Data/BC-15-12_20220615_212900.wav","D:/ARU RECORDINGS/2022/BC/BC-15/12/Data/BC-15-12_20220615_212900","D:/ARU RECORDINGS/2022/BC/BC-15/12/Data/BC-15-12",2022-06-15,21:29:00,2022-06-15 21:29:00,21,"dusk","grassland",NA,NA
"D:/ARU RECORDINGS/2022/BC/BC-15/12/Data/BC-15-12_20220616_210000.wav","D:/ARU RECORDINGS/2022/BC/BC-15/12/Data/BC-15-12_20220616_210000","D:/ARU RECORDINGS/2022/BC/BC-15/12/Data/BC-15-12",2022-06-16,21:00:00,2022-06-16 21:00:00,21,"dusk","grassland",NA,NA
"D:/ARU RECORDINGS/2022/BC/BC-15/12/Data/BC-15-12_20220603_212000.wav","D:/ARU RECORDINGS/2022/BC/BC-15/12/Data/BC-15-12_20220603_212000","D:/ARU RECORDINGS/2022/BC/BC-15/12/Data/BC-15-12",2022-06-03,21:20:00,2022-06-03 21:20:00,21,"dusk","grassland",NA,NA
"D:/ARU RECORDINGS/2022/BC/BC-15/13/Data/BC-15-13_20220605_061900.wav","D:/ARU RECORDINGS/2022/BC/BC-15/13/Data/BC-15-13_20220605_061900","D:/ARU RECORDINGS/2022/BC/BC-15/13/Data/BC-15-13",2022-06-05,06:19:00,2022-06-05 06:19:00,6,"dawn","grassland",NA,NA
"D:/ARU RECORDINGS/2022/BC/BC-15/13/Data/BC-15-13_20220620_054500.wav","D:/ARU RECORDINGS/2022/BC/BC-15/13/Data/BC-15-13_20220620_054500","D:/ARU RECORDINGS/2022/BC/BC-15/13/Data/BC-15-13",2022-06-20,05:45:00,2022-06-20 05:45:00,5,"dawn","grassland",NA,NA
"D:/ARU RECORDINGS/2022/BC/BC-15/13/Data/BC-15-13_20220605_032100.wav","D:/ARU RECORDINGS/2022/BC/BC-15/13/Data/BC-15-13_20220605_032100","D:/ARU RECORDINGS/2022/BC/BC-15/13/Data/BC-15-13",2022-06-05,03:21:00,2022-06-05 03:21:00,3,"dawn","grassland",NA,NA
"D:/ARU RECORDINGS/2022/BC/BC-15/13/Data/BC-15-13_20220604_205100.wav","D:/ARU RECORDINGS/2022/BC/BC-15/13/Data/BC-15-13_20220604_205100","D:/ARU RECORDINGS/2022/BC/BC-15/13/Data/BC-15-13",2022-06-04,20:51:00,2022-06-04 20:51:00,20,"dusk","grassland",NA,NA
"D:/ARU RECORDINGS/2022/BC/BC-15/13/Data/BC-15-13_20220610_212600.wav","D:/ARU RECORDINGS/2022/BC/BC-15/13/Data/BC-15-13_20220610_212600","D:/ARU RECORDINGS/2022/BC/BC-15/13/Data/BC-15-13",2022-06-10,21:26:00,2022-06-10 21:26:00,21,"dusk","grassland",NA,NA
"D:/ARU RECORDINGS/2022/BC/BC-15/13/Data/BC-15-13_20220609_212500.wav","D:/ARU RECORDINGS/2022/BC/BC-15/13/Data/BC-15-13_20220609_212500","D:/ARU RECORDINGS/2022/BC/BC-15/13/Data/BC-15-13",2022-06-09,21:25:00,2022-06-09 21:25:00,21,"dusk","grassland",NA,NA
"D:/ARU RECORDINGS/2022/BC/BC-15/14/Data/BC-15-14_20220623_061600.wav","D:/ARU RECORDINGS/2022/BC/BC-15/14/Data/BC-15-14_20220623_061600","D:/ARU RECORDINGS/2022/BC/BC-15/14/Data/BC-15-14",2022-06-23,06:16:00,2022-06-23 06:16:00,6,"dawn","grassland",NA,NA
"D:/ARU RECORDINGS/2022/BC/BC-15/14/Data/BC-15-14_20220616_064500.wav","D:/ARU RECORDINGS/2022/BC/BC-15/14/Data/BC-15-14_20220616_064500","D:/ARU RECORDINGS/2022/BC/BC-15/14/Data/BC-15-14",2022-06-16,06:45:00,2022-06-16 06:45:00,6,"dawn","grassland",NA,NA
"D:/ARU RECORDINGS/2022/BC/BC-15/14/Data/BC-15-14_20220617_044500.wav","D:/ARU RECORDINGS/2022/BC/BC-15/14/Data/BC-15-14_20220617_044500","D:/ARU RECORDINGS/2022/BC/BC-15/14/Data/BC-15-14",2022-06-17,04:45:00,2022-06-17 04:45:00,4,"dawn","grassland",NA,NA
"D:/ARU RECORDINGS/2022/BC/BC-15/14/Data/BC-15-14_20220608_212500.wav","D:/ARU RECORDINGS/2022/BC/BC-15/14/Data/BC-15-14_20220608_212500","D:/ARU RECORDINGS/2022/BC/BC-15/14/Data/BC-15-14",2022-06-08,21:25:00,2022-06-08 21:25:00,21,"dusk","grassland",NA,NA
"D:/ARU RECORDINGS/2022/BC/BC-15/14/Data/BC-15-14_20220602_211900.wav","D:/ARU RECORDINGS/2022/BC/BC-15/14/Data/BC-15-14_20220602_211900","D:/ARU RECORDINGS/2022/BC/BC-15/14/Data/BC-15-14",2022-06-02,21:19:00,2022-06-02 21:19:00,21,"dusk","grassland",NA,NA
"D:/ARU RECORDINGS/2022/BC/BC-15/14/Data/BC-15-14_20220614_212900.wav","D:/ARU RECORDINGS/2022/BC/BC-15/14/Data/BC-15-14_20220614_212900","D:/ARU RECORDINGS/2022/BC/BC-15/14/Data/BC-15-14",2022-06-14,21:29:00,2022-06-14 21:29:00,21,"dusk","grassland",NA,NA
"D:/ARU RECORDINGS/2022/BC/BC-15/15/Data/BC-15-15_20220609_044700.wav","D:/ARU RECORDINGS/2022/BC/BC-15/15/Data/BC-15-15_20220609_044700","D:/ARU RECORDINGS/2022/BC/BC-15/15/Data/BC-15-15",2022-06-09,04:47:00,2022-06-09 04:47:00,4,"dawn","grassland",NA,NA
"D:/ARU RECORDINGS/2022/BC/BC-15/15/Data/BC-15-15_20220613_064600.wav","D:/ARU RECORDINGS/2022/BC/BC-15/15/Data/BC-15-15_20220613_064600","D:/ARU RECORDINGS/2022/BC/BC-15/15/Data/BC-15-15",2022-06-13,06:46:00,2022-06-13 06:46:00,6,"dawn","grassland",NA,NA
"D:/ARU RECORDINGS/2022/BC/BC-15/15/Data/BC-15-15_20220605_071900.wav","D:/ARU RECORDINGS/2022/BC/BC-15/15/Data/BC-15-15_20220605_071900","D:/ARU RECORDINGS/2022/BC/BC-15/15/Data/BC-15-15",2022-06-05,07:19:00,2022-06-05 07:19:00,7,"dawn","grassland",NA,NA
"D:/ARU RECORDINGS/2022/BC/BC-15/15/Data/BC-15-15_20220620_210100.wav","D:/ARU RECORDINGS/2022/BC/BC-15/15/Data/BC-15-15_20220620_210100","D:/ARU RECORDINGS/2022/BC/BC-15/15/Data/BC-15-15",2022-06-20,21:01:00,2022-06-20 21:01:00,21,"dusk","grassland",NA,NA
"D:/ARU RECORDINGS/2022/BC/BC-15/15/Data/BC-15-15_20220608_212500.wav","D:/ARU RECORDINGS/2022/BC/BC-15/15/Data/BC-15-15_20220608_212500","D:/ARU RECORDINGS/2022/BC/BC-15/15/Data/BC-15-15",2022-06-08,21:25:00,2022-06-08 21:25:00,21,"dusk","grassland",NA,NA
"D:/ARU RECORDINGS/2022/BC/BC-15/15/Data/BC-15-15_20220613_212800.wav","D:/ARU RECORDINGS/2022/BC/BC-15/15/Data/BC-15-15_20220613_212800","D:/ARU RECORDINGS/2022/BC/BC-15/15/Data/BC-15-15",2022-06-13,21:28:00,2022-06-13 21:28:00,21,"dusk","grassland",NA,NA
"D:/ARU RECORDINGS/2022/BC/BC-15/16/Data/BC-15-16_20220612_044600.wav","D:/ARU RECORDINGS/2022/BC/BC-15/16/Data/BC-15-16_20220612_044600","D:/ARU RECORDINGS/2022/BC/BC-15/16/Data/BC-15-16",2022-06-12,04:46:00,2022-06-12 04:46:00,4,"dawn","grassland",NA,NA
"D:/ARU RECORDINGS/2022/BC/BC-15/16/Data/BC-15-16_20220621_033100.wav","D:/ARU RECORDINGS/2022/BC/BC-15/16/Data/BC-15-16_20220621_033100","D:/ARU RECORDINGS/2022/BC/BC-15/16/Data/BC-15-16",2022-06-21,03:31:00,2022-06-21 03:31:00,3,"dawn","grassland",NA,NA
"D:/ARU RECORDINGS/2022/BC/BC-15/16/Data/BC-15-16_20220623_044600.wav","D:/ARU RECORDINGS/2022/BC/BC-15/16/Data/BC-15-16_20220623_044600","D:/ARU RECORDINGS/2022/BC/BC-15/16/Data/BC-15-16",2022-06-23,04:46:00,2022-06-23 04:46:00,4,"dawn","grassland",NA,NA
"D:/ARU RECORDINGS/2022/BC/BC-15/16/Data/BC-15-16_20220619_213100.wav","D:/ARU RECORDINGS/2022/BC/BC-15/16/Data/BC-15-16_20220619_213100","D:/ARU RECORDINGS/2022/BC/BC-15/16/Data/BC-15-16",2022-06-19,21:31:00,2022-06-19 21:31:00,21,"dusk","grassland",NA,NA
"D:/ARU RECORDINGS/2022/BC/BC-15/16/Data/BC-15-16_20220615_205900.wav","D:/ARU RECORDINGS/2022/BC/BC-15/16/Data/BC-15-16_20220615_205900","D:/ARU RECORDINGS/2022/BC/BC-15/16/Data/BC-15-16",2022-06-15,20:59:00,2022-06-15 20:59:00,20,"dusk","grassland",NA,NA
"D:/ARU RECORDINGS/2022/BC/BC-15/16/Data/BC-15-16_20220604_215100.wav","D:/ARU RECORDINGS/2022/BC/BC-15/16/Data/BC-15-16_20220604_215100","D:/ARU RECORDINGS/2022/BC/BC-15/16/Data/BC-15-16",2022-06-04,21:51:00,2022-06-04 21:51:00,21,"dusk","grassland",NA,NA
